{
	"pages": [ //pages数组中第一项表示应用启动页，参考：https://uniapp.dcloud.io/collocation/pages
		{
			"path": "pages/login/login",
			"style": {}
		},
		{
			"path": "pages/mine/mine",
			"style": {}
		},

		{
			"path": "pages/home/home",
			"style": {}
		},
		{
			"path": "pages/find/find",
			"style": {}
		},
		{
			"path": "components/diy/formItem",
			"style": {}
		}, {
			"path": "pages/mine/analysis",
			"style": {}
		}, {
			"path": "pages/mine/personalInfo",
			"style": {}
		}, {
			"path": "pages/mine/mineDone",
			"style": {}
		}, {
			"path": "pages/mine/collection",
			"style": {}
		}, {
			"path": "pages/mine/wrongBook",
			"style": {}
		}, {
			"path": "pages/mine/wordTest",
			"style": {}
		}, {
			"path": "pages/mine/settings",
			"style": {}
		}, {
			"path": "pages/mine/changePassword",
			"style": {}
		}, {
			"path": "pages/mine/aboutPage",
			"style": {}
		}, {
			"path": "components/diy/topicItem",
			"style": {}
		}, {
			"path": "components/diy/paperItem",
			"style": {}
		}, {
			"path": "pages/mine/collection",
			"style": {}
		}, {
			"path": "pages/find/onlySearch",
			"style": {}
		}, {
			"path": "pages/find/kPointTopic",
			"style": {}
		}, {
			"path": "pages/find/randomSearch",
			"style": {}
		}, {
			"path": "pages/find/aiTest",
			"style": {}
		}, {
			"path": "pages/common/topicDetail",
			"style": {}
		}, {
			"path": "pages/mine/textEdit",
			"style": {}
		}, {
			"path": "pages/mine/singleChoiceEdit",
			"style": {}
		}, {
			"path": "pages/mine/multiChoiceEdit",
			"style": {}
		}

		, {
			"path": "pages/home/course",
			"style": {}
		}, {
			"path": "components/diy/testItem",
			"style": {}
		}, {
			"path": "components/diy/materialItem",
			"style": {}
		}, {
			"path": "components/diy/courseItem",
			"style": {}
		}, {
			"path": "pages/home/vocabulary",
			"style": {}
		}, {
			"path": "pages/home/vocabularyDetail",
			"style": {}
		}, {
			"path": "pages/common/testDetail",
			"style": {}
		}, {
			"path": "pages/common/testTopicDetail",
			"style": {}
		}, {
			"path": "pages/find/kPointSortOne",
			"style": {}
		}, {
			"path": "pages/find/kPointSortSecond",
			"style": {}
		}, {
			"path": "pages/find/kPointSortThird",
			"style": {}
		}, {
			"path": "pages/common/temp",
			"style": {}
		}
	    ,{
            "path" : "pages/find/KPoint",
            "style" : {}
        }
        ,{
            "path" : "components/diy/writingArea",
            "style" : {}
        }
        ,{
            "path" : "pages/common/demo",
            "style" : {}
        }
        ,{
            "path" : "components/diy/wa2",
            "style" : {}
        }
    ],
	"globalStyle": {
		"navigationBarTextStyle": "black",
		"navigationBarTitleText": "uni-app",
		"navigationBarBackgroundColor": "#ededed",
		"navigationStyle": "custom",
		"app-plus": {
			"scrollIndicator": "none"
		}
	},

	"tabBar": {
		"color": "#C3B8B4",
		"selectedColor": "#333333",
		"borderStyle": "white",
		"backgroundColor": "#F2F2F2",
		"list": [{
				"pagePath": "pages/home/home",
				"text": "首页",
				"iconPath": "static/ic_home.png",
				"selectedIconPath": "static/ic_home_selected.png"
			},
			{
				"pagePath": "pages/find/find",
				"text": "发现",
				"iconPath": "static/find.png",
				"selectedIconPath": "static/find_selected.png"
			},
			{
				"pagePath": "pages/mine/mine",
				"text": "我的",
				"iconPath": "static/ic_mine.png",
				"selectedIconPath": "static/ic_mine_selected.png"
			}
		]
	},
	"condition": { //模式配置，仅开发期间生效
		"current": 0, //当前激活的模式(list 的索引项)
		"list": [{
			"name": "", //模式名称
			"path": "", //启动页面，必选
			"query": "" //启动参数，在页面的onLoad函数里面得到
		}]
	}
}
